{"loss": [6.119374465942383, 4.91912841796875, 3.663344955444336, 2.5201072692871094, 1.3139991760253906], "exact match": [0.0, 0.0, 0.0, 0.0, 0.0], "f1 score": [0.0, 0.0, 0.0, 0.0, 0.0]}